,All trades,Long trades
Total number of round_trips,148,148
Percent profitable,0.6014,0.6014
Winning round_trips,89,89
Losing round_trips,59,59
Even round_trips,0,0
Total profit,485805.12,485805.12
Gross profit,1307684.3,1307684.3
Gross loss,-821879.18,-821879.18
Profit factor,1.5911,1.5911
Avg. trade net profit,3282.467,3282.467
Avg. winning trade,14693.082,14693.082
Avg. losing trade,-13930.1556,-13930.1556
Ratio Avg. Win:Avg. Loss,1.0548,1.0548
Largest winning trade,78964.5,78964.5
Largest losing trade,-63639.63,-63639.63
Avg duration,30 days 10:02:49,30 days 10:02:49
Median duration,31 days 00:00:00,31 days 00:00:00
Longest duration,33 days 00:33:00,33 days 00:33:00
Shortest duration,27 days 23:55:00,27 days 23:55:00
Avg returns all round_trips,0.0026,0.0026
Avg returns winning,0.0211,0.0211
Avg returns losing,-0.0199,-0.0199
Median returns all round_trips,0.0011,0.0011
Median returns winning,0.0126,0.0126
Median returns losing,-0.0166,-0.0166
Largest winning trade,0.1569,0.1569
Largest losing trade,-0.0897,-0.0897
