,All trades,Short trades,Long trades
Total number of round_trips,2806,1447,1359
Percent profitable,0.4743,0.4416,0.5092
Winning round_trips,1331,639,692
Losing round_trips,1459,798,661
Even round_trips,16,10,6
Total profit,386609.5,47982.0,338627.5
Gross profit,3173405.0,1481777.5,1691627.5
Gross loss,-2786795.5,-1433795.5,-1353000.0
Profit factor,1.1387,1.0335,1.2503
Avg. trade net profit,137.7796,33.1596,249.174
Avg. winning trade,2384.2261,2318.9006,2444.5484
Avg. losing trade,-1910.0723,-1796.7362,-2046.8986
Ratio Avg. Win:Avg. Loss,1.2482,1.2906,1.1943
Largest winning trade,50485.0,50485.0,34867.5
Largest losing trade,-71285.0,-52005.0,-71285.0
Avg duration,06:09:42,05:40:07,06:41:12
Median duration,00:50:00,00:50:00,00:50:00
Longest duration,3 days 20:50:00,3 days 20:20:00,3 days 20:50:00
Shortest duration,00:05:00,00:05:00,00:05:00
Avg returns all round_trips,0.0002,0.0001,0.0004
Avg returns winning,0.002,0.002,0.0021
Avg returns losing,-0.0015,-0.0015,-0.0015
Median returns all round_trips,-0.0,-0.0001,0.0001
Median returns winning,0.0009,0.0009,0.001
Median returns losing,-0.0007,-0.0007,-0.0007
Largest winning trade,0.0438,0.0438,0.0256
Largest losing trade,-0.0616,-0.0309,-0.0616
